Entry ID,Word,Definition
1,gryphon,winged monster with the head of an eagle and the body of a lion
2,dormouse,small furry-tailed squirrel-like Old World rodent that becomes torpid in cold weather
3,uglify,make ugly
4,hatter,someone who makes and sells hats
5,Caterpillar,a large tracked vehicle that is propelled by two endless metal belts; frequently used for moving earth in construction and farm work
6,kid glove,a glove made of fine soft leather
7,knave,a deceitful and unreliable scoundrel
8,croquet,a game in which players hit balls through a series of hoops
9,grumble,a complaint uttered in a low and indistinct tone
10,Duchess,a woman who is a member of a royal family
11,Mock Turtle,a calf's head and feet prepared as food
12,caucus,a closed political meeting
13,solemn,characterized by a grave and sedate bearing
14,pity,a feeling of sympathy and sorrow for the misfortunes of others
15,curtsy,bending the knees in a gesture of respect
16,fan,a device for creating a current of air by movement of a thin piece of material
17,cucumber,a cylindrical fruit with a green rind and white flesh
18,lobster,large marine crustacean having a long body and a pair of large claws
19,shiver,shake with or as if with cold
20,shudder,"tremble convulsively, as from fear or excitement"
21,mustard,a pungent yellow or brown paste
22,comfit,"a candy consisting of a whole piece of fruit, nut, or seed coated with sugar"
23,solicit,appeal or make a request for something
24,tureen,large deep serving dish with a cover
25,jury box,a box in a courtroom for the jurors
26,stout,having a large girth in the body
27,gloom,a state of depression or despondency
28,waistcoat,a man's sleeveless garment worn underneath a coat
29,eager,characterized by energetic intensity of interest or desire
30,recollection,the ability to recall past occurrences
31,pounce,move down on as if in an attack
32,treacle,"a thick, sweet, dark syrup made from sugar"
33,saucer,a small shallow dish for holding a teacup
34,uncomfortable,causing or feeling slight pain or physical distress
35,wriggle,to move in a twisting or contorted motion
36,reprove,rebuke formally
37,crouch,bend one's back forward from the waist on down
38,indignation,a feeling of righteous anger
39,shriek,utter a high-pitched cry
40,contempt,lack of respect accompanied by a feeling of intense dislike
41,crescent,any shape resembling the curved shape of the moon in its first or last quarters
42,chimney,a vertical flue that provides a path for escaping smoke and gases
43,pounce,move down on as if in an attack
44,furious,marked by extreme anger
45,gasp,"breathe noisily, as when making an effort"
46,scramble,"climb awkwardly, as if by scrambling"
47,heap,an informal expression for a large amount of something
48,parade,a preposterous or extravagant display
49,pardon,the act of excusing a mistake or offense
50,reverently,with feelings of profound respect or veneration
51,dread,fearful expectation or apprehension
52,sultry,characterized by or suggesting intense emotion
53,fountain,a structure from which an artificially produced jet of water arises
54,shrill,having a high-pitched and sharp tone
55,queer,unusual or different from the usual
56,astonish,fill with wonder and surprise
57,whisper,speak softly or in a low voice
58,curious,eager to investigate and learn or learn more
59,peep,a secret look
60,scramble,"climb awkwardly, as if by scrambling"
61,heap,an informal expression for a large amount of something
62,parade,a preposterous or extravagant display
63,pardon,the act of excusing a mistake or offense
64,reverently,with feelings of profound respect or veneration
65,dread,fearful expectation or apprehension
66,sultry,characterized by or suggesting intense emotion
67,fountain,a structure from which an artificially produced jet of water arises
68,shrill,having a high-pitched and sharp tone
69,queer,unusual or different from the usual
70,astonish,fill with wonder and surprise
71,whisper,speak softly or in a low voice
72,curious,eager to investigate and learn or learn more
73,peep,a secret look
74,scramble,"climb awkwardly, as if by scrambling"
75,heap,an informal expression for a large amount of something
76,parade,a preposterous or extravagant display
77,pardon,the act of excusing a mistake or offense
78,reverently,with feelings of profound respect or veneration
79,dread,fearful expectation or apprehension
80,sultry,characterized by or suggesting intense emotion
81,fountain,a structure from which an artificially produced jet of water arises
82,shrill,having a high-pitched and sharp tone
83,queer,unusual or different from the usual
84,astonish,fill with wonder and surprise
85,whisper,speak softly or in a low voice
86,curious,eager to investigate and learn or learn more
87,peep,a secret look
88,scramble,"climb awkwardly, as if by scrambling"
89,heap,an informal expression for a large amount of something
90,parade,a preposterous or extravagant display
91,pardon,the act of excusing a mistake or offense
92,reverently,with feelings of profound respect or veneration
93,dread,fearful expectation or apprehension
94,sultry,characterized by or suggesting intense emotion
95,fountain,a structure from which an artificially produced jet of water arises
96,shrill,having a high-pitched and sharp tone
97,queer,unusual or different from the usual
98,astonish,fill with wonder and surprise
99,whisper,speak softly or in a low voice
100,curious,eager to investigate and learn or learn more
101,peep,a secret look
102,scramble,"climb awkwardly, as if by scrambling"
103,heap,an informal expression for a large amount of something
104,parade,a preposterous or extravagant display
105,pardon,the act of excusing a mistake or offense
106,reverently,with feelings of profound respect or veneration
107,dread,fearful expectation or apprehension
108,sultry,characterized by or suggesting intense emotion
109,fountain,a structure from which an artificially produced jet of water arises
110,shrill,having a high-pitched and sharp tone
111,queer,unusual or different from the usual
112,astonish,fill with wonder and surprise
113,whisper,speak softly or in a low voice
114,curious,eager to investigate and learn or learn more
115,peep,a secret look
116,scramble,"climb awkwardly, as if by scrambling"
117,heap,an informal expression for a large amount of something
118,parade,a preposterous or extravagant display
119,pardon,the act of excusing a mistake or offense
120,reverently,with feelings of profound respect or veneration
121,dread,fearful expectation or apprehension
122,sultry,characterized by or suggesting intense emotion
123,fountain,a structure from which an artificially produced jet of water arises
124,shrill,having a high-pitched and sharp tone
125,queer,unusual or different from the usual
126,astonish,fill with wonder and surprise
127,whisper,speak softly or in a low voice
128,curious,eager to investigate and learn or learn more
129,peep,a secret look
130,scramble,"climb awkwardly, as if by scrambling"
131,heap,an informal expression for a large amount of something
132,parade,a preposterous or extravagant display
133,pardon,the act of excusing a mistake or offense
134,reverently,with feelings of profound respect or veneration
135,dread,fearful expectation or apprehension
136,sultry,characterized by or suggesting intense emotion
137,fountain,a structure from which an artificially produced jet of water arises
138,shrill,having a high-pitched and sharp tone
139,queer,unusual or different from the usual
140,astonish,fill with wonder and surprise
141,whisper,speak softly or in a low voice
142,curious,eager to investigate and learn or learn more
143,peep,a secret look
144,scramble,"climb awkwardly, as if by scrambling"
145,heap,an informal expression for a large amount of something
146,parade,a preposterous or extravagant display
147,pardon,the act of excusing a mistake or offense
148,reverently,with feelings of profound respect or veneration
149,dread,fearful expectation or apprehension
150,sultry,characterized by or suggesting intense emotion
151,fountain,a structure from which an artificially produced jet of water arises
152,shrill,having a high-pitched and sharp tone
153,queer,unusual or different from the usual
154,astonish,fill with wonder and surprise
155,whisper,speak softly or in a low voice
156,curious,eager to investigate and learn or learn more
157,peep,a secret look
158,scramble,"climb awkwardly, as if by scrambling"
159,heap,an informal expression for a large amount of something
160,parade,a preposterous or extravagant display
161,pardon,the act of excusing a mistake or offense
162,reverently,with feelings of profound respect or veneration
163,dread,fearful expectation or apprehension
164,sultry,characterized by or suggesting intense emotion
165,fountain,a structure from which an artificially produced jet of water arises
166,shrill,having a high-pitched and sharp tone
167,queer,unusual or different from the usual
168,astonish,fill with wonder and surprise
169,whisper,speak softly or in a low voice
170,curious,eager to investigate and learn or learn more
171,peep,a secret look
172,scramble,"climb awkwardly, as if by scrambling"
173,heap,an informal expression for a large amount of something
174,parade,a preposterous or extravagant display
175,pardon,the act of excusing a mistake or offense
176,reverently,with feelings of profound respect or veneration
177,dread,fearful expectation or apprehension
178,sultry,characterized by or suggesting intense emotion
179,fountain,a structure from which an artificially produced jet of water arises
180,shrill,having a high-pitched and sharp tone
181,queer,unusual or different from the usual
182,astonish,fill with wonder and surprise
183,whisper,speak softly or in a low voice
184,curious,eager to investigate and learn or learn more
185,peep,a secret look
186,scramble,"climb awkwardly, as if by scrambling"
187,heap,an informal expression for a large amount of something
188,parade,a preposterous or extravagant display
189,pardon,the act of excusing a mistake or offense
190,reverently,with feelings of profound respect or veneration
191,dread,fearful expectation or apprehension
192,sultry,characterized by or suggesting intense emotion
193,fountain,a structure from which an artificially produced jet of water arises
194,shrill,having a high-pitched and sharp tone
195,queer,unusual or different from the usual
196,astonish,fill with wonder and surprise
197,whisper,speak softly or in a low voice
198,curious,eager to investigate and learn or learn more
199,peep,a secret look
200,scramble,"climb awkwardly, as if by scrambling"
201,heap,an informal expression for a large amount of something
202,parade,a preposterous or extravagant display
203,pardon,the act of excusing a mistake or offense
204,reverently,with feelings of profound respect or veneration
205,dread,fearful expectation or apprehension
206,sultry,characterized by or suggesting intense emotion
207,fountain,a structure from which an artificially produced jet of water arises
208,shrill,having a high-pitched and sharp tone
209,queer,unusual or different from the usual
210,astonish,fill with wonder and surprise
211,whisper,speak softly or in a low voice
212,curious,eager to investigate and learn or learn more
213,peep,a secret look
214,scramble,"climb awkwardly, as if by scrambling"
215,heap,an informal expression for a large amount of something
216,parade,a preposterous or extravagant display
217,pardon,the act of excusing a mistake or offense
218,reverently,with feelings of profound respect or veneration
219,dread,fearful expectation or apprehension
220,sultry,characterized by or suggesting intense emotion
221,fountain,a structure from which an artificially produced jet of water arises
222,shrill,having a high-pitched and sharp tone
223,queer,unusual or different from the usual
224,astonish,fill with wonder and surprise
225,whisper,speak softly or in a low voice
226,curious,eager to investigate and learn or learn more
227,peep,a secret look
228,scramble,"climb awkwardly, as if by scrambling"
229,heap,an informal expression for a large amount of something
230,parade,a preposterous or extravagant display
231,pardon,the act of excusing a mistake or offense
232,reverently,with feelings of profound respect or veneration
233,dread,fearful expectation or apprehension
234,sultry,characterized by or suggesting intense emotion
235,fountain,a structure from which an artificially produced jet of water arises
236,shrill,having a high-pitched and sharp tone
237,queer,unusual or different from the usual
238,astonish,fill with wonder and surprise
239,whisper,speak softly or in a low voice
240,curious,eager to investigate and learn or learn more
241,peep,a secret look
242,scramble,"climb awkwardly, as if by scrambling"
243,heap,an informal expression for a large amount of something
244,parade,a preposterous or extravagant display
245,pardon,the act of excusing a mistake or offense
246,reverently,with feelings of profound respect or veneration
247,dread,fearful expectation or apprehension
248,sultry,characterized by or suggesting intense emotion
249,fountain,a structure from which an artificially produced jet of water arises
250,shrill,having a high-pitched and sharp tone
251,queer,unusual or different from the usual
252,astonish,fill with wonder and surprise
253,whisper,speak softly or in a low voice
254,curious,eager to investigate and learn or learn more
255,peep,a secret look
256,scramble,"climb awkwardly, as if by scrambling"
257,heap,an informal expression for a large amount of something
258,parade,a preposterous or extravagant display
259,pardon,the act of excusing a mistake or offense
260,reverently,with feelings of profound respect or veneration
261,dread,fearful expectation or apprehension
262,sultry,characterized by or suggesting intense emotion
263,fountain,a structure from which an artificially produced jet of water arises
264,shrill,having a high-pitched and sharp tone
265,queer,unusual or different from the usual
266,astonish,fill with wonder and surprise
267,whisper,speak softly or in a low voice
268,curious,eager to investigate and learn or learn more
269,peep,a secret look
270,scramble,"climb awkwardly, as if by scrambling"
271,heap,an informal expression for a large amount of something
272,parade,a preposterous or extravagant display
273,pardon,the act of excusing a mistake or offense
274,reverently,with feelings of profound respect or veneration
275,dread,fearful expectation or apprehension
276,sultry,characterized by or suggesting intense emotion
277,fountain,a structure from which an artificially produced jet of water arises
278,shrill,having a high-pitched and sharp tone
279,queer,unusual or different from the usual
280,astonish,fill with wonder and surprise
281,whisper,speak softly or in a low voice
282,curious,eager to investigate and learn or learn more
283,peep,a secret look
284,scramble,"climb awkwardly, as if by scrambling"
285,heap,an informal expression for a large amount of something
286,parade,a preposterous or extravagant display
287,pardon,the act of excusing a mistake or offense
288,reverently,with feelings of profound respect or veneration
289,dread,fearful expectation or apprehension
290,sultry,characterized by or suggesting intense emotion
291,fountain,a structure from which an artificially produced jet of water arises
292,shrill,having a high-pitched and sharp tone
293,queer,unusual or different from the usual
294,astonish,fill with wonder and surprise
295,whisper,speak softly or in a low voice
296,curious,eager to investigate and learn or learn more
297,peep,a secret look
298,scramble,"climb awkwardly, as if by scrambling"
299,heap,an informal expression for a large amount of something
300,parade,a preposterous or extravagant display
301,pardon,the act of excusing a mistake or offense
302,reverently,with feelings of profound respect or veneration
303,dread,fearful expectation or apprehension
304,sultry,characterized by or suggesting intense emotion
305,fountain,a structure from which an artificially produced jet of water arises
306,shrill,having a high-pitched and sharp tone
307,queer,unusual or different from the usual
308,astonish,fill with wonder and surprise
309,whisper,speak softly or in a low voice
310,curious,eager to investigate and learn or learn more
311,peep,a secret look
312,scramble,"climb awkwardly, as if by scrambling"
313,heap,an informal expression for a large amount of something
314,parade,a preposterous or extravagant display
315,pardon,the act of excusing a mistake or offense
316,reverently,with feelings of profound respect or veneration
317,dread,fearful expectation or apprehension
318,sultry,characterized by or suggesting intense emotion
319,fountain,a structure from which an artificially produced jet of water arises
320,shrill,having a high-pitched and sharp tone
321,queer,unusual or different from the usual
322,astonish,fill with wonder and surprise
323,whisper,speak softly or in a low voice
324,curious,eager to investigate and learn or learn more
325,peep,a secret look
326,scramble,"climb awkwardly, as if by scrambling"
327,heap,an informal expression for a large amount of something
328,parade,a preposterous or extravagant display
329,pardon,the act of excusing a mistake or offense
330,reverently,with feelings of profound respect or veneration
331,dread,fearful expectation or apprehension
332,sultry,characterized by or suggesting intense emotion
333,fountain,a structure from which an artificially produced jet of water arises
334,shrill,having a high-pitched and sharp tone
335,queer,unusual or different from the usual
336,astonish,fill with wonder and surprise
337,whisper,speak softly or in a low voice
338,curious,eager to investigate and learn or learn more
339,peep,a secret look
340,scramble,"climb awkwardly, as if by scrambling"
341,heap,an informal expression for a large amount of something
342,parade,a preposterous or extravagant display
343,pardon,the act of excusing a mistake or offense
344,reverently,with feelings of profound respect or veneration
345,dread,fearful expectation or apprehension
346,sultry,characterized by or suggesting intense emotion
347,fountain,a structure from which an artificially produced jet of water arises
348,shrill,having a high-pitched and sharp tone
349,queer,unusual or different from the usual
350,astonish,fill with wonder and surprise
351,whisper,speak softly or in a low voice
352,curious,eager to investigate and learn or learn more
353,peep,a secret look
354,scramble,"climb awkwardly, as if by scrambling"
355,heap,an informal expression for a large amount of something
356,parade,a preposterous or extravagant display
357,pardon,the act of excusing a mistake or offense
358,reverently,with feelings of profound respect or veneration
359,dread,fearful expectation or apprehension
360,sultry,characterized by or suggesting intense emotion
361,fountain,a structure from which an artificially produced jet of water arises
362,shrill,having a high-pitched and sharp tone
363,queer,unusual or different from the usual
364,astonish,fill with wonder and surprise
365,whisper,speak softly or in a low voice
366,curious,eager to investigate and learn or learn more
367,peep,a secret look
368,scramble,"climb awkwardly, as if by scrambling"
369,heap,an informal expression for a large amount of something
370,parade,a preposterous or extravagant display
371,pardon,the act of excusing a mistake or offense
372,reverently,with feelings of profound respect or veneration
373,dread,fearful expectation or apprehension
374,sultry,characterized by or suggesting intense emotion
375,fountain,a structure from which an artificially produced jet of water arises
376,shrill,having a high-pitched and sharp tone
377,queer,unusual or different from the usual
378,astonish,fill with wonder and surprise
379,whisper,speak softly or in a low voice
380,curious,eager to investigate and learn or learn more
381,peep,a secret look
382,scramble,"climb awkwardly, as if by scrambling"
383,heap,an informal expression for a large amount of something
384,parade,a preposterous or extravagant display
385,pardon,the act of excusing a mistake or offense
386,reverently,with feelings of profound respect or veneration
387,dread,fearful expectation or apprehension
388,sultry,characterized by or suggesting intense emotion
389,fountain,a structure from which an artificially produced jet of water arises
390,shrill,having a high-pitched and sharp tone
391,queer,unusual or different from the usual
392,astonish,fill with wonder and surprise
393,whisper,speak softly or in a low voice
394,curious,eager to investigate and learn or learn more
395,peep,a secret look
396,scramble,"climb awkwardly, as if by scrambling"
397,heap,an informal expression for a large amount of something
398,parade,a preposterous or extravagant display
399,pardon,the act of excusing a mistake or offense
400,reverently,with feelings of profound respect or veneration
401,dread,fearful expectation or apprehension
402,sultry,characterized by or suggesting intense emotion
403,fountain,a structure from which an artificially produced jet of water arises
404,shrill,having a high-pitched and sharp tone
405,queer,unusual or different from the usual
406,astonish,fill with wonder and surprise
407,whisper,speak softly or in a low voice
408,curious,eager to investigate and learn or learn more
409,peep,a secret look
410,scramble,"climb awkwardly, as if by scrambling"
411,heap,an informal expression for a large amount of something
412,parade,a preposterous or extravagant display
413,pardon,the act of excusing a mistake or offense
414,reverently,with feelings of profound respect or veneration
415,dread,fearful expectation or apprehension
416,sultry,characterized by or suggesting intense emotion
417,fountain,a structure from which an artificially produced jet of water arises
418,shrill,having a high-pitched and sharp tone
419,queer,unusual or different from the usual
420,astonish,fill with wonder and surprise
421,whisper,speak softly or in a low voice
422,curious,eager to investigate and learn or learn more
423,peep,a secret look
424,scramble,"climb awkwardly, as if by scrambling"
425,heap,an informal expression for a large amount of something
426,parade,a preposterous or extravagant display
427,pardon,the act of excusing a mistake or offense
428,reverently,with feelings of profound respect or veneration
429,dread,fearful expectation or apprehension
430,sultry,characterized by or suggesting intense emotion
431,fountain,a structure from which an artificially produced jet of water arises
432,shrill,having a high-pitched and sharp tone
433,queer,unusual or different from the usual
434,astonish,fill with wonder and surprise
435,whisper,speak softly or in a low voice
436,curious,eager to investigate and learn or learn more
437,peep,a secret look
438,scramble,"climb awkwardly, as if by scrambling"
439,heap,an informal expression for a large amount of something
440,parade,a preposterous or extravagant display
441,pardon,the act of excusing a mistake or offense
442,reverently,with feelings of profound respect or veneration
443,dread,fearful expectation or apprehension
444,sultry,characterized by or suggesting intense emotion
445,fountain,a structure from which an artificially produced jet of water arises
446,shrill,having a high-pitched and sharp tone
447,queer,unusual or different from the usual
448,astonish,fill with wonder and surprise
449,whisper,speak softly or in a low voice
450,curious,eager to investigate and learn or learn more
451,peep,a secret look
452,scramble,"climb awkwardly, as if by scrambling"
453,heap,an informal expression for a large amount of something
454,parade,a preposterous or extravagant display
455,pardon,the act of excusing a mistake or offense
456,reverently,with feelings of profound respect or veneration
457,dread,fearful expectation or apprehension
458,sultry,characterized by or suggesting intense emotion
459,fountain,a structure from which an artificially produced jet of water arises
460,shrill,having a high-pitched and sharp tone
461,queer,unusual or different from the usual
462,astonish,fill with wonder and surprise
463,whisper,speak softly or in a low voice
464,curious,eager to investigate and learn or learn more
465,peep,a secret look
466,scramble,"climb awkwardly, as if by scrambling"
467,heap,an informal expression for a large amount of something
468,parade,a preposterous or extravagant display
469,pardon,the act of excusing a mistake or offense
470,reverently,with feelings of profound respect or veneration
471,dread,fearful expectation or apprehension
472,sultry,characterized by or suggesting intense emotion
473,fountain,a structure from which an artificially produced jet of water arises
474,shrill,having a high-pitched and sharp tone
475,queer,unusual or different from the usual
476,astonish,fill with wonder and surprise
477,whisper,speak softly or in a low voice
478,curious,eager to investigate and learn or learn more
479,peep,a secret look
480,scramble,"climb awkwardly, as if by scrambling"
481,heap,an informal expression for a large amount of something
482,parade,a preposterous or extravagant display
483,pardon,the act of excusing a mistake or offense
484,reverently,with feelings of profound respect or veneration
485,dread,fearful expectation or apprehension
486,sultry,characterized by or suggesting intense emotion
487,fountain,a structure from which an artificially produced jet of water arises
488,shrill,having a high-pitched and sharp tone
489,queer,unusual or different from the usual
490,astonish,fill with wonder and surprise
491,whisper,speak softly or in a low voice
492,curious,eager to investigate and learn or learn more
493,peep,a secret look
494,scramble,"climb awkwardly, as if by scrambling"
495,heap,an informal expression for a large amount of something
496,parade,a preposterous or extravagant display
497,pardon,the act of excusing a mistake or offense
498,reverently,with feelings of profound respect or veneration
499,dread,fearful expectation or apprehension
500,sultry,characterized by or suggesting intense emotion
501,fountain,a structure from which an artificially produced jet of water arises
502,shrill,having a high-pitched and sharp tone
503,queer,unusual or different from the usual
504,astonish,fill with wonder and surprise
505,whisper,speak softly or in a low voice
506,curious,eager to investigate and learn or learn more
507,peep,a secret look
508,scramble,"climb awkwardly, as if by scrambling"
509,heap,an informal expression for a large amount of something
510,parade,a preposterous or extravagant display
511,pardon,the act of excusing a mistake or offense
512,reverently,with feelings of profound respect or veneration
513,dread,fearful expectation or apprehension
514,sultry,characterized by or suggesting intense emotion
515,fountain,a structure from which an artificially produced jet of water arises
516,shrill,having a high-pitched and sharp tone
517,queer,unusual or different from the usual
518,astonish,fill with wonder and surprise
519,whisper,speak softly or in a low voice
520,curious,eager to investigate and learn or learn more
521,peep,a secret look
522,scramble,"climb awkwardly, as if by scrambling"
523,heap,an informal expression for a large amount of something
524,parade,a preposterous or extravagant display
525,pardon,the act of excusing a mistake or offense
526,reverently,with feelings of profound respect or veneration
527,dread,fearful expectation or apprehension
528,sultry,characterized by or suggesting intense emotion
529,fountain,a structure from which an artificially produced jet of water arises
530,shrill,having a high-pitched and sharp tone
531,queer,unusual or different from the usual
532,astonish,fill with wonder and surprise
533,whisper,speak softly or in a low voice
534,curious,eager to investigate and learn or learn more
535,peep,a secret look
536,scramble,"climb awkwardly, as if by scrambling"
537,heap,an informal expression for a large amount of something
538,parade,a preposterous or extravagant display
539,pardon,the act of excusing a mistake or offense
540,reverently,with feelings of profound respect or veneration
541,dread,fearful expectation or apprehension
542,sultry,characterized by or suggesting intense emotion
543,fountain,a structure from which an artificially produced jet of water arises
544,shrill,having a high-pitched and sharp tone
545,queer,unusual or different from the usual
546,astonish,fill with wonder and surprise
547,whisper,speak softly or in a low voice
548,curious,eager to investigate and learn or learn more
549,peep,a secret look
550,scramble,"climb awkwardly, as if by scrambling"
551,heap,an informal expression for a large amount of something
552,parade,a preposterous or extravagant display
553,pardon,the act of excusing a mistake or offense
554,reverently,with feelings of profound respect or veneration
555,dread,fearful expectation or apprehension
556,sultry,characterized by or suggesting intense emotion
557,fountain,a structure from which an artificially produced jet of water arises
558,shrill,having a high-pitched and sharp tone
559,queer,unusual or different from the usual
560,astonish,fill with wonder and surprise
561,whisper,speak softly or in a low voice
562,curious,eager to investigate and learn or learn more
563,peep,a secret look
564,scramble,"climb awkwardly, as if by scrambling"
565,heap,an informal expression for a large amount of something
566,parade,a preposterous or extravagant display
567,pardon,the act of excusing a mistake or offense
568,reverently,with feelings of profound respect or veneration
569,dread,fearful expectation or apprehension
570,sultry,characterized by or suggesting intense emotion
571,fountain,a structure from which an artificially produced jet of water arises
572,shrill,having a high-pitched and sharp tone
573,queer,unusual or different from the usual
574,astonish,fill with wonder and surprise
575,whisper,speak softly or in a low voice
576,curious,eager to investigate and learn or learn more
577,peep,a secret look
578,scramble,"climb awkwardly, as if by scrambling"
579,heap,an informal expression for a large amount of something
580,parade,a preposterous or extravagant display
581,pardon,the act of excusing a mistake or offense
582,reverently,with feelings of profound respect or veneration
583,dread,fearful expectation or apprehension
584,sultry,characterized by or suggesting intense emotion
585,fountain,a structure from which an artificially produced jet of water arises
586,shrill,having a high-pitched and sharp tone
587,queer,unusual or different from the usual
588,astonish,fill with wonder and surprise
589,whisper,speak softly or in a low voice
590,curious,eager to investigate and learn or learn more
591,peep,a secret look
592,scramble,"climb awkwardly, as if by scrambling"
593,heap,an informal expression for a large amount of something
594,parade,a preposterous or extravagant display
595,pardon,the act of excusing a mistake or offense
596,reverently,with feelings of profound respect or veneration
597,dread,fearful expectation or apprehension
598,sultry,characterized by or suggesting intense emotion
599,fountain,a structure from which an artificially produced jet of water arises
600,shrill,having a high-pitched and sharp tone
601,queer,unusual or different from the usual
602,astonish,fill with wonder and surprise
603,whisper,speak softly or in a low voice
604,curious,eager to investigate and learn or learn more
605,peep,a secret look
606,scramble,"climb awkwardly, as if by scrambling"
607,heap,an informal expression for a large amount of something
608,parade,a preposterous or extravagant display
609,pardon,the act of excusing a mistake or offense
610,reverently,with feelings of profound respect or veneration
611,dread,fearful expectation or apprehension
612,sultry,characterized by or suggesting intense emotion
613,fountain,a structure from which an artificially produced jet of water arises
614,shrill,having a high-pitched and sharp tone
615,queer,unusual or different from the usual
616,astonish,fill with wonder and surprise
617,whisper,speak softly or in a low voice
618,curious,eager to investigate and learn or learn more
619,peep,a secret look
620,scramble,"climb awkwardly, as if by scrambling"
621,heap,an informal expression for a large amount of something
622,parade,a preposterous or extravagant display
623,pardon,the act of excusing a mistake or offense
624,reverently,with feelings of profound respect or veneration
625,dread,fearful expectation or apprehension
626,sultry,characterized by or suggesting intense emotion
627,fountain,a structure from which an artificially produced jet of water arises
628,shrill,having a high-pitched and sharp tone
629,queer,unusual or different from the usual
630,astonish,fill with wonder and surprise
631,whisper,speak softly or in a low voice
632,curious,eager to investigate and learn or learn more
633,peep,a secret look
634,scramble,"climb awkwardly, as if by scrambling"
635,heap,an informal expression for a large amount of something
636,parade,a preposterous or extravagant display
637,pardon,the act of excusing a mistake or offense
638,reverently,with feelings of profound respect or veneration
639,dread,fearful expectation or apprehension
640,sultry,characterized by or suggesting intense emotion
641,fountain,a structure from which an artificially produced jet of water arises
642,shrill,having a high-pitched and sharp tone
643,queer,unusual or different from the usual
644,astonish,fill with wonder and surprise
645,whisper,speak softly or in a low voice
646,curious,eager to investigate and learn or learn more
647,peep,a secret look
648,scramble,"climb awkwardly, as if by scrambling"
649,heap,an informal expression for a large amount of something
650,parade,a preposterous or extravagant display
651,pardon,the act of excusing a mistake or offense
652,reverently,with feelings of profound respect or veneration
653,dread,fearful expectation or apprehension
654,sultry,characterized by or suggesting intense emotion
655,fountain,a structure from which an artificially produced jet of water arises
656,shrill,having a high-pitched and sharp tone
657,queer,unusual or different from the usual
658,astonish,fill with wonder and surprise
659,whisper,speak softly or in a low voice
660,curious,eager to investigate and learn or learn more
661,peep,a secret look
662,scramble,"climb awkwardly, as if by scrambling"
663,heap,an informal expression for a large amount of something
664,parade,a preposterous or extravagant display
665,pardon,the act of excusing a mistake or offense
666,reverently,with feelings of profound respect or veneration
667,dread,fearful expectation or apprehension
668,sultry,characterized by or suggesting intense emotion
669,fountain,a structure from which an artificially produced jet of water arises
670,shrill,having a high-pitched and sharp tone
671,queer,unusual or different from the usual
672,astonish,fill with wonder and surprise
673,whisper,speak softly or in a low voice
674,curious,eager to investigate and learn or learn more
675,peep,a secret look
676,scramble,"climb awkwardly, as if by scrambling"
677,heap,an informal expression for a large amount of something
678,parade,a preposterous or extravagant display
679,pardon,the act of excusing a mistake or offense
680,reverently,with feelings of profound respect or veneration
681,dread,fearful expectation or apprehension
682,sultry,characterized by or suggesting intense emotion
683,fountain,a structure from which an artificially produced jet of water arises
684,shrill,having a high-pitched and sharp tone
685,queer,unusual or different from the usual
686,astonish,fill with wonder and surprise
687,whisper,speak softly or in a low voice
688,curious,eager to investigate and learn or learn more
689,peep,a secret look
690,scramble,"climb awkwardly, as if by scrambling"
691,heap,an informal expression for a large amount of something
692,parade,a preposterous or extravagant display
693,pardon,the act of excusing a mistake or offense
694,reverently,with feelings of profound respect or veneration
695,dread,fearful expectation or apprehension
696,sultry,characterized by or suggesting intense emotion
697,fountain,a structure from which an artificially produced jet of water arises
698,shrill,having a high-pitched and sharp tone
699,queer,unusual or different from the usual
700,astonish,fill with wonder and surprise
701,whisper,speak softly or in a low voice
702,curious,eager to investigate and learn or learn more
703,peep,a secret look
704,scramble,"climb awkwardly, as if by scrambling"
705,heap,an informal expression for a large amount of something
706,parade,a preposterous or extravagant display
707,pardon,the act of excusing a mistake or offense
708,reverently,with feelings of profound respect or veneration
709,dread,fearful expectation or apprehension
710,sultry,characterized by or suggesting intense emotion
711,fountain,a structure from which an artificially produced jet of water arises
712,shrill,having a high-pitched and sharp tone
713,queer,unusual or different from the usual
714,astonish,fill with wonder and surprise
715,whisper,speak softly or in a low voice
716,curious,eager to investigate and learn or learn more
717,peep,a secret look
718,scramble,"climb awkwardly, as if by scrambling"
719,heap,an informal expression for a large amount of something
720,parade,a preposterous or extravagant display
721,pardon,the act of excusing a mistake or offense
722,reverently,with feelings of profound respect or veneration
723,dread,fearful expectation or apprehension
724,sultry,characterized by or suggesting intense emotion
725,fountain,a structure from which an artificially produced jet of water arises
726,shrill,having a high-pitched and sharp tone
727,queer,unusual or different from the usual
728,astonish,fill with wonder and surprise
729,whisper,speak softly or in a low voice
730,curious,eager to investigate and learn or learn more
731,peep,a secret look
732,scramble,"climb awkwardly, as if by scrambling"
733,heap,an informal expression for a large amount of something
734,parade,a preposterous or extravagant display
735,pardon,the act of excusing a mistake or offense
736,reverently,with feelings of profound respect or veneration
737,dread,fearful expectation or apprehension
738,sultry,characterized by or suggesting intense emotion
739,fountain,a structure from which an artificially produced jet of water arises
740,shrill,having a high-pitched and sharp tone
741,queer,unusual or different from the usual
742,astonish,fill with wonder and surprise
743,whisper,speak softly or in a low voice
744,curious,eager to investigate and learn or learn more
745,peep,a secret look
746,scramble,"climb awkwardly, as if by scrambling"
747,heap,an informal expression for a large amount of something
748,parade,a preposterous or extravagant display
749,pardon,the act of excusing a mistake or offense
750,reverently,with feelings of profound respect or veneration
751,dread,fearful expectation or apprehension
752,sultry,characterized by or suggesting intense emotion
753,fountain,a structure from which an artificially produced jet of water arises
754,shrill,having a high-pitched and sharp tone
755,queer,unusual or different from the usual
756,astonish,fill with wonder and surprise
757,whisper,speak softly or in a low voice
758,curious,eager to investigate and learn or learn more
759,peep,a secret look
760,scramble,"climb awkwardly, as if by scrambling"
761,heap,an informal expression for a large amount of something
762,parade,a preposterous or extravagant display
763,pardon,the act of excusing a mistake or offense
764,reverently,with feelings of profound respect or veneration
765,dread,fearful expectation or apprehension
766,sultry,characterized by or suggesting intense emotion
767,fountain,a structure from which an artificially produced jet of water arises
768,shrill,having a high-pitched and sharp tone
769,queer,unusual or different from the usual
770,astonish,fill with wonder and surprise
771,whisper,speak softly or in a low voice
772,curious,eager to investigate and learn or learn more
773,peep,a secret look
774,scramble,"climb awkwardly, as if by scrambling"
775,heap,an informal expression for a large amount of something
776,parade,a preposterous or extravagant display
777,pardon,the act of excusing a mistake or offense
778,reverently,with feelings of profound respect or veneration
779,dread,fearful expectation or apprehension
780,sultry,characterized by or suggesting intense emotion
781,fountain,a structure from which an artificially produced jet of water arises
782,shrill,having a high-pitched and sharp tone
783,queer,unusual or different from the usual
784,astonish,fill with wonder and surprise
785,whisper,speak softly or in a low voice
786,curious,eager to investigate and learn or learn more
787,peep,a secret look
788,scramble,"climb awkwardly, as if by scrambling"
789,heap,an informal expression for a large amount of something
790,parade,a preposterous or extravagant display
791,pardon,the act of excusing a mistake or offense
792,reverently,with feelings of profound respect or veneration
793,dread,fearful expectation or apprehension
794,sultry,characterized by or suggesting intense emotion
795,fountain,a structure from which an artificially produced jet of water arises
796,shrill,having a high-pitched and sharp tone
797,queer,unusual or different from the usual
798,astonish,fill with wonder and surprise
799,whisper,speak softly or in a low voice
800,curious,eager to investigate and learn or learn more
801,peep,a secret look
802,scramble,"climb awkwardly, as if by scrambling"
803,heap,an informal expression for a large amount of something
804,parade,a preposterous or extravagant display
805,pardon,the act of excusing a mistake or offense
806,reverently,with feelings of profound respect or veneration
807,dread,fearful expectation or apprehension
808,sultry,characterized by or suggesting intense emotion
809,fountain,a structure from which an artificially produced jet of water arises
810,shrill,having a high-pitched and sharp tone
811,queer,unusual or different from the usual
812,astonish,fill with wonder and surprise
813,whisper,speak softly or in a low voice
814,curious,eager to investigate and learn or learn more
815,peep,a secret look
816,scramble,"climb awkwardly, as if by scrambling"
817,heap,an informal expression for a large amount of something
818,parade,a preposterous or extravagant display
819,pardon,the act of excusing a mistake or offense
820,reverently,with feelings of profound respect or veneration
821,dread,fearful expectation or apprehension
822,sultry,characterized by or suggesting intense emotion
823,fountain,a structure from which an artificially produced jet of water arises
824,shrill,having a high-pitched and sharp tone
825,queer,unusual or different from the usual
826,astonish,fill with wonder and surprise
827,whisper,speak softly or in a low voice
828,curious,eager to investigate and learn or learn more
829,peep,a secret look
830,scramble,"climb awkwardly, as if by scrambling"
831,heap,an informal expression for a large amount of something
832,parade,a preposterous or extravagant display
833,pardon,the act of excusing a mistake or offense
834,reverently,with feelings of profound respect or veneration
835,dread,fearful expectation or apprehension
836,sultry,characterized by or suggesting intense emotion
837,fountain,a structure from which an artificially produced jet of water arises
838,shrill,having a high-pitched and sharp tone
839,queer,unusual or different from the usual
840,astonish,fill with wonder and surprise
841,whisper,speak softly or in a low voice
842,curious,eager to investigate and learn or learn more
843,peep,a secret look
844,scramble,"climb awkwardly, as if by scrambling"
845,heap,an informal expression for a large amount of something
846,parade,a preposterous or extravagant display
847,pardon,the act of excusing a mistake or offense
848,reverently,with feelings of profound respect or veneration
849,dread,fearful expectation or apprehension
850,sultry,characterized by or suggesting intense emotion
851,fountain,a structure from which an artificially produced jet of water arises
852,shrill,having a high-pitched and sharp tone
853,queer,unusual or different from the usual
854,astonish,fill with wonder and surprise
855,whisper,speak softly or in a low voice
856,curious,eager to investigate and learn or learn more
857,peep,a secret look
858,scramble,"climb awkwardly, as if by scrambling"
859,heap,an informal expression for a large amount of something
860,parade,a preposterous or extravagant display
861,pardon,the act of excusing a mistake or offense
862,reverently,with feelings of profound respect or veneration
863,dread,fearful expectation or apprehension
864,sultry,characterized by or suggesting intense emotion
865,fountain,a structure from which an artificially produced jet of water arises
866,shrill,having a high-pitched and sharp tone
867,queer,unusual or different from the usual
868,astonish,fill with wonder and surprise
869,whisper,speak softly or in a low voice
870,curious,eager to investigate and learn or learn more
871,peep,a secret look
872,scramble,"climb awkwardly, as if by scrambling"
873,heap,an informal expression for a large amount of something
874,parade,a preposterous or extravagant display
875,pardon,the act of excusing a mistake or offense
876,reverently,with feelings of profound respect or veneration
877,dread,fearful expectation or apprehension
878,sultry,characterized by or suggesting intense emotion
879,fountain,a structure from which an artificially produced jet of water arises
880,shrill,having a high-pitched and sharp tone
881,queer,unusual or different from the usual
882,astonish,fill with wonder and surprise
883,whisper,speak softly or in a low voice
884,curious,eager to investigate and learn or learn more
885,peep,a secret look
886,scramble,"climb awkwardly, as if by scrambling"
887,heap,an informal expression for a large amount of something
888,parade,a preposterous or extravagant display
889,pardon,the act of excusing a mistake or offense
890,reverently,with feelings of profound respect or veneration
891,dread,fearful expectation or apprehension
892,sultry,characterized by or suggesting intense emotion
893,fountain,a structure from which an artificially produced jet of water arises
894,shrill,having a high-pitched and sharp tone
895,queer,unusual or different from the usual
896,astonish,fill with wonder and surprise
897,whisper,speak softly or in a low voice
898,curious,eager to investigate and learn or learn more
899,peep,a secret look
900,scramble,"climb awkwardly, as if by scrambling"
901,heap,an informal expression for a large amount of something
902,parade,a preposterous or extravagant display
903,pardon,the act of excusing a mistake or offense
904,reverently,with feelings of profound respect or veneration
905,dread,fearful expectation or apprehension
906,sultry,characterized by or suggesting intense emotion
907,fountain,a structure from which an artificially produced jet of water arises
908,shrill,having a high-pitched and sharp tone
909,queer,unusual or different from the usual
910,astonish,fill with wonder and surprise
911,whisper,speak softly or in a low voice
912,curious,eager to investigate and learn or learn more
913,peep,a secret look
914,scramble,"climb awkwardly, as if by scrambling"
915,heap,an informal expression for a large amount of something
916,parade,a preposterous or extravagant display
917,pardon,the act of excusing a mistake or offense
918,reverently,with feelings of profound respect or veneration
919,dread,fearful expectation or apprehension
920,sultry,characterized by or suggesting intense emotion
921,fountain,a structure from which an artificially produced jet of water arises
922,shrill,having a high-pitched and sharp tone
923,queer,unusual or different from the usual
924,astonish,fill with wonder and surprise
925,whisper,speak softly or in a low voice
926,curious,eager to investigate and learn or learn more
927,peep,a secret look
928,scramble,"climb awkwardly, as if by scrambling"
929,heap,an informal expression for a large amount of something
930,parade,a preposterous or extravagant display
931,pardon,the act of excusing a mistake or offense
932,reverently,with feelings of profound respect or veneration
933,dread,fearful expectation or apprehension
934,sultry,characterized by or suggesting intense emotion
935,fountain,a structure from which an artificially produced jet of water arises
936,shrill,having a high-pitched and sharp tone
937,queer,unusual or different from the usual
938,astonish,fill with wonder and surprise
939,whisper,speak softly or in a low voice
940,curious,eager to investigate and learn or learn more
941,peep,a secret look
942,scramble,"climb awkwardly, as if by scrambling"
943,heap,an informal expression for a large amount of something
944,parade,a preposterous or extravagant display
945,pardon,the act of excusing a mistake or offense
946,reverently,with feelings of profound respect or veneration
947,dread,fearful expectation or apprehension
948,sultry,characterized by or suggesting intense emotion
949,fountain,a structure from which an artificially produced jet of water arises
950,shrill,having a high-pitched and sharp tone
951,queer,unusual or different from the usual
952,astonish,fill with wonder and surprise
953,whisper,speak softly or in a low voice
954,curious,eager to investigate and learn or learn more
955,peep,a secret look
956,scramble,"climb awkwardly, as if by scrambling"
957,heap,an informal expression for a large amount of something
958,parade,a preposterous or extravagant display
959,pardon,the act of excusing a mistake or offense
960,reverently,with feelings of profound respect or veneration
961,dread,fearful expectation or apprehension
962,sultry,characterized by or suggesting intense emotion
963,fountain,a structure from which an artificially produced jet of water arises
964,shrill,having a high-pitched and sharp tone
965,queer,unusual or different from the usual
966,astonish,fill with wonder and surprise
967,whisper,speak softly or in a low voice
968,curious,eager to investigate and learn or learn more
969,peep,a secret look
970,scramble,"climb awkwardly, as if by scrambling"
971,heap,an informal expression for a large amount of something
972,parade,a preposterous or extravagant display
973,pardon,the act of excusing a mistake or offense
974,reverently,with feelings of profound respect or veneration
975,dread,fearful expectation or apprehension
976,sultry,characterized by or suggesting intense emotion
977,fountain,a structure from which an artificially produced jet of water arises
978,shrill,having a high-pitched and sharp tone
979,queer,unusual or different from the usual
980,astonish,fill with wonder and surprise
981,whisper,speak softly or in a low voice
982,curious,eager to investigate and learn or learn more
983,peep,a secret look
984,scramble,"climb awkwardly, as if by scrambling"
985,heap,an informal expression for a large amount of something
986,parade,a preposterous or extravagant display
987,pardon,the act of excusing a mistake or offense
988,reverently,with feelings of profound respect or veneration
989,dread,fearful expectation or apprehension
990,sultry,characterized by or suggesting intense emotion
991,fountain,a structure from which an artificially produced jet of water arises
992,shrill,having a high-pitched and sharp tone
993,queer,unusual or different from the usual
994,astonish,fill with wonder and surprise
995,whisper,speak softly or in a low voice
996,curious,eager to investigate and learn or learn more
997,peep,a secret look
998,scramble,"climb awkwardly, as if by scrambling"
999,heap,an informal expression for a large amount of something
1000,parade,a preposterous or extravagant display
1001,pardon,the act of excusing a mistake or offense
1002,reverently,with feelings of profound respect or veneration
1003,dread,fearful expectation or apprehension
1004,sultry,characterized by or suggesting intense emotion
1005,fountain,a structure from which an artificially produced jet of water arises
1006,shrill,having a high-pitched and sharp tone
1007,queer,unusual or different from the usual
1008,astonish,fill with wonder and surprise
1009,whisper,speak softly or in a low voice
1010,curious,eager to investigate and learn or learn more
1011,peep,a secret look
1012,scramble,"climb awkwardly, as if by scrambling"
1013,heap,an informal expression for a large amount of something
1014,parade,a preposterous or extravagant display
1015,pardon,the act of excusing a mistake or offense
1016,reverently,with feelings of profound respect or veneration
1017,dread,fearful expectation or apprehension
1018,sultry,characterized by or suggesting intense emotion
1019,fountain,a structure from which an artificially produced jet of water arises
1020,shrill,having a high-pitched and sharp tone
1021,queer,unusual or different from the usual
1022,astonish,fill with wonder and surprise
1023,whisper,speak softly or in a low voice
1024,curious,eager to investigate and learn or learn more
1025,peep,a secret look
1026,scramble,"climb awkwardly, as if by scrambling"
1027,heap,an informal expression for a large amount of something
1028,parade,a preposterous or extravagant display
1029,pardon,the act of excusing a mistake or offense
1030,reverently,with feelings of profound respect or veneration
1031,dread,fearful expectation or apprehension
1032,sultry,characterized by or suggesting intense emotion
1033,fountain,a structure from which an artificially produced jet of water arises
1034,shrill,having a high-pitched and sharp tone
1035,queer,unusual or different from the usual
1036,astonish,fill with wonder and surprise
1037,whisper,speak softly or in a low voice
1038,curious,eager to investigate and learn or learn more
1039,peep,a secret look
1040,scramble,"climb awkwardly, as if by scrambling"
1041,heap,an informal expression for a large amount of something
1042,parade,a preposterous or extravagant display
1043,pardon,the act of excusing a mistake or offense
1044,reverently,with feelings of profound respect or veneration
1045,dread,fearful expectation or apprehension
1046,sultry,characterized by or suggesting intense emotion
1047,fountain,a structure from which an artificially produced jet of water arises
1048,shrill,having a high-pitched and sharp tone
1049,queer,unusual or different from the usual
1050,astonish,fill with wonder and surprise
1051,whisper,speak softly or in a low voice
1052,curious,eager to investigate and learn or learn more
1053,peep,a secret look
1054,scramble,"climb awkwardly, as if by scrambling"
1055,heap,an informal expression for a large amount of something
1056,parade,a preposterous or extravagant display
1057,pardon,the act of excusing a mistake or offense
1058,reverently,with feelings of profound respect or veneration
1059,dread,fearful expectation or apprehension
1060,sultry,characterized by or suggesting intense emotion
1061,fountain,a structure from which an artificially produced jet of water arises
1062,shrill,having a high-pitched and sharp tone
1063,queer,unusual or different from the usual
1064,astonish,fill with wonder and surprise
1065,whisper,speak softly or in a low voice
1066,curious,eager to investigate and learn or learn more
1067,peep,a secret look
1068,scramble,"climb awkwardly, as if by scrambling"
1069,heap,an informal expression for a large amount of something
1070,parade,a preposterous or extravagant display
1071,pardon,the act of excusing a mistake or offense
1072,reverently,with feelings of profound respect or veneration
1073,dread,fearful expectation or apprehension
1074,sultry,characterized by or suggesting intense emotion
1075,fountain,a structure from which an artificially produced jet of water arises
1076,shrill,having a high-pitched and sharp tone
1077,queer,unusual or different from the usual
1078,astonish,fill with wonder and surprise
1079,whisper,speak softly or in a low voice
1080,curious,eager to investigate and learn or learn more
1081,peep,a secret look
1082,scramble,"climb awkwardly, as if by scrambling"
1083,heap,an informal expression for a large amount of something
1084,parade,a preposterous or extravagant display
1085,pardon,the act of excusing a mistake or offense
1086,reverently,with feelings of profound respect or veneration
1087,dread,fearful expectation or apprehension
1088,sultry,characterized by or suggesting intense emotion
1089,fountain,a structure from which an artificially produced jet of water arises
1090,shrill,having a high-pitched and sharp tone
1091,queer,unusual or different from the usual
1092,astonish,fill with wonder and surprise
1093,whisper,speak softly or in a low voice
1094,curious,eager to investigate and learn or learn more
1095,peep,a secret look
1096,scramble,"climb awkwardly, as if by scrambling"
1097,heap,an informal expression for a large amount of something
1098,parade,a preposterous or extravagant display
1099,pardon,the act of excusing a mistake or offense
1100,reverently,with feelings of profound respect or veneration
1101,dread,fearful expectation or apprehension
1102,sultry,characterized by or suggesting intense emotion
1103,fountain,a structure from which an artificially produced jet of water arises
1104,shrill,having a high-pitched and sharp tone
1105,queer,unusual or different from the usual
1106,astonish,fill with wonder and surprise
1107,whisper,speak softly or in a low voice
1108,curious,eager to investigate and learn or learn more
1109,peep,a secret look
1110,scramble,"climb awkwardly, as if by scrambling"
1111,heap,an informal expression for a large amount of something
1112,parade,a preposterous or extravagant display
1113,pardon,the act of excusing a mistake or offense
1114,reverently,with feelings of profound respect or veneration
1115,dread,fearful expectation or apprehension
1116,sultry,characterized by or suggesting intense emotion
1117,fountain,a structure from which an artificially produced jet of water arises
1118,shrill,having a high-pitched and sharp tone
1119,queer,unusual or different from the usual
1120,astonish,fill with wonder and surprise
1121,whisper,speak softly or in a low voice
1122,curious,eager to investigate and learn or learn more
1123,peep,a secret look
1124,scramble,"climb awkwardly, as if by scrambling"
1125,heap,an informal expression for a large amount of something
1126,parade,a preposterous or extravagant display
1127,pardon,the act of excusing a mistake or offense
1128,reverently,with feelings of profound respect or veneration
1129,dread,fearful expectation or apprehension
1130,sultry,characterized by or suggesting intense emotion
1131,fountain,a structure from which an artificially produced jet of water arises
1132,shrill,having a high-pitched and sharp tone
1133,queer,unusual or different from the usual
1134,astonish,fill with wonder and surprise
1135,whisper,speak softly or in a low voice
1136,curious,eager to investigate and learn or learn more
1137,peep,a secret look
1138,scramble,"climb awkwardly, as if by scrambling"
1139,heap,an informal expression for a large amount of something
1140,parade,a preposterous or extravagant display
1141,pardon,the act of excusing a mistake or offense
1142,reverently,with feelings of profound respect or veneration
1143,dread,fearful expectation or apprehension
1144,sultry,characterized by or suggesting intense emotion
1145,fountain,a structure from which an artificially produced jet of water arises
1146,shrill,having a high-pitched and sharp tone
1147,queer,unusual or different from the usual
1148,astonish,fill with wonder and surprise
1149,whisper,speak softly or in a low voice
1150,curious,eager to investigate and learn or learn more
1151,peep,a secret look
1152,scramble,"climb awkwardly, as if by scrambling"
1153,heap,an informal expression for a large amount of something
1154,parade,a preposterous or extravagant display
1155,pardon,the act of excusing a mistake or offense
1156,reverently,with feelings of profound respect or veneration
1157,dread,fearful expectation or apprehension
1158,sultry,characterized by or suggesting intense emotion
1159,fountain,a structure from which an artificially produced jet of water arises
1160,shrill,having a high-pitched and sharp tone
1161,queer,unusual or different from the usual
1162,astonish,fill with wonder and surprise
1163,whisper,speak softly or in a low voice
1164,curious,eager to investigate and learn or learn more
1165,peep,a secret look
1166,scramble,"climb awkwardly, as if by scrambling"
1167,heap,an informal expression for a large amount of something
1168,parade,a preposterous or extravagant display
1169,pardon,the act of excusing a mistake or offense
1170,reverently,with feelings of profound respect or veneration
1171,dread,fearful expectation or apprehension
1172,sultry,characterized by or suggesting intense emotion
1173,fountain,a structure from which an artificially produced jet of water arises
1174,shrill,having a high-pitched and sharp tone
1175,queer,unusual or different from the usual
1176,astonish,fill with wonder and surprise
1177,whisper,speak softly or in a low voice
1178,curious,eager to investigate and learn or learn more
1179,peep,a secret look
1180,scramble,"climb awkwardly, as if by scrambling"
1181,heap,an informal expression for a large amount of something
1182,parade,a preposterous or extravagant display
1183,pardon,the act of excusing a mistake or offense
1184,reverently,with feelings of profound respect or veneration
1185,dread,fearful expectation or apprehension
1186,sultry,characterized by or suggesting intense emotion
1187,fountain,a structure from which an artificially produced jet of water arises
1188,shrill,having a high-pitched and sharp tone
1189,queer,unusual or different from the usual
1190,astonish,fill with wonder and surprise
1191,whisper,speak softly or in a low voice
1192,curious,eager to investigate and learn or learn more
1193,peep,a secret look
1194,scramble,"climb awkwardly, as if by scrambling"
1195,heap,an informal expression for a large amount of something
1196,parade,a preposterous or extravagant display
1197,pardon,the act of excusing a mistake or offense
1198,reverently,with feelings of profound respect or veneration
1199,dread,fearful expectation or apprehension
1200,sultry,characterized by or suggesting intense emotion
1201,fountain,a structure from which an artificially produced jet of water arises
1202,shrill,having a high-pitched and sharp tone
1203,queer,unusual or different from the usual
1204,astonish,fill with wonder and surprise
1205,whisper,speak softly or in a low voice
1206,curious,eager to investigate and learn or learn more
1207,peep,a secret look
1208,scramble,"climb awkwardly, as if by scrambling"
1209,heap,an informal expression for a large amount of something
1210,parade,a preposterous or extravagant display
1211,pardon,the act of excusing a mistake or offense
1212,reverently,with feelings of profound respect or veneration
1213,dread,fearful expectation or apprehension
1214,sultry,characterized by or suggesting intense emotion
1215,fountain,a structure from which an artificially produced jet of water arises
1216,shrill,having a high-pitched and sharp tone
1217,queer,unusual or different from the usual
1218,astonish,fill with wonder and surprise
1219,whisper,speak softly or in a low voice
1220,curious,eager to investigate and learn or learn more
1221,peep,a secret look
1222,scramble,"climb awkwardly, as if by scrambling"
1223,heap,an informal expression for a large amount of something
1224,parade,a preposterous or extravagant display
1225,pardon,the act of excusing a mistake or offense
1226,reverently,with feelings of profound respect or veneration
1227,dread,fearful expectation or apprehension
1228,sultry,characterized by or suggesting intense emotion
1229,fountain,a structure from which an artificially produced jet of water arises
1230,shrill,having a high-pitched and sharp tone
1231,queer,unusual or different from the usual
1232,astonish,fill with wonder and surprise
1233,whisper,speak softly or in a low voice
1234,curious,eager to investigate and learn or learn more
1235,peep,a secret look
1236,scramble,"climb awkwardly, as if by scrambling"
1237,heap,an informal expression for a large amount of something
1238,parade,a preposterous or extravagant display
1239,pardon,the act of excusing a mistake or offense
1240,reverently,with feelings of profound respect or veneration
1241,dread,fearful expectation or apprehension
1242,sultry,characterized by or suggesting intense emotion
1243,fountain,a structure from which an artificially produced jet of water arises
1244,shrill,having a high-pitched and sharp tone
1245,queer,unusual or different from the usual
1246,astonish,fill with wonder and surprise
1247,whisper,speak softly or in a low voice
1248,curious,eager to investigate and learn or learn more
1249,peep,a secret look
1250,scramble,"climb awkwardly, as if by scrambling"
1251,heap,an informal expression for a large amount of something
1252,parade,a preposterous or extravagant display
1253,pardon,the act of excusing a mistake or offense
1254,reverently,with feelings of profound respect or veneration
1255,dread,fearful expectation or apprehension
1256,sultry,characterized by or suggesting intense emotion
1257,fountain,a structure from which an artificially produced jet of water arises
1258,shrill,having a high-pitched and sharp tone
1259,queer,unusual or different from the usual
1260,astonish,fill with wonder and surprise
1261,whisper,speak softly or in a low voice
1262,curious,eager to investigate and learn or learn more
1263,peep,a secret look
1264,scramble,"climb awkwardly, as if by scrambling"
1265,heap,an informal expression for a large amount of something
1266,parade,a preposterous or extravagant display
1267,pardon,the act of excusing a mistake or offense
1268,reverently,with feelings of profound respect or veneration
1269,dread,fearful expectation or apprehension
1270,sultry,characterized by or suggesting intense emotion
1271,fountain,a structure from which an artificially produced jet of water arises
1272,shrill,having a high-pitched and sharp tone
1273,queer,unusual or different from the usual
1274,astonish,fill with wonder and surprise
1275,whisper,speak softly or in a low voice
1276,curious,eager to investigate and learn or learn more
1277,peep,a secret look
1278,scramble,"climb awkwardly, as if by scrambling"
1279,heap,an informal expression for a large amount of something
1280,parade,a preposterous or extravagant display
1281,pardon,the act of excusing a mistake or offense
1282,reverently,with feelings of profound respect or veneration
1283,dread,fearful expectation or apprehension
1284,sultry,characterized by or suggesting intense emotion
1285,fountain,a structure from which an artificially produced jet of water arises
1286,shrill,having a high-pitched and sharp tone
1287,queer,unusual or different from the usual
1288,astonish,fill with wonder and surprise
1289,whisper,speak softly or in a low voice
1290,curious,eager to investigate and learn or learn more
1291,peep,a secret look
1292,scramble,"climb awkwardly, as if by scrambling"
1293,heap,an informal expression for a large amount of something
1294,parade,a preposterous or extravagant display
1295,pardon,the act of excusing a mistake or offense
1296,reverently,with feelings of profound respect or veneration
1297,dread,fearful expectation or apprehension
1298,sultry,characterized by or suggesting intense emotion
1299,fountain,a structure from which an artificially produced jet of water arises
1300,shrill,having a high-pitched and sharp tone
1301,queer,unusual or different from the usual
1302,astonish,fill with wonder and surprise
1303,whisper,speak softly or in a low voice
1304,curious,eager to investigate and learn or learn more
1305,peep,a secret look
1306,scramble,"climb awkwardly, as if by scrambling"
1307,heap,an informal expression for a large amount of something
1308,parade,a preposterous or extravagant display
1309,pardon,the act of excusing a mistake or offense
1310,reverently,with feelings of profound respect or veneration
1311,dread,fearful expectation or apprehension
1312,sultry,characterized by or suggesting intense emotion
1313,fountain,a structure from which an artificially produced jet of water arises
1314,shrill,having a high-pitched and sharp tone
1315,queer,unusual or different from the usual
1316,astonish,fill with wonder and surprise
1317,whisper,speak softly or in a low voice
1318,curious,eager to investigate and learn or learn more
1319,peep,a secret look
1320,scramble,"climb awkwardly, as if by scrambling"
1321,heap,an informal expression for a large amount of something
1322,parade,a preposterous or extravagant display
1323,pardon,the act of excusing a mistake or offense
1324,reverently,with feelings of profound respect or veneration
1325,dread,fearful expectation or apprehension
1326,sultry,characterized by or suggesting intense emotion
1327,fountain,a structure from which an artificially produced jet of water arises
1328,shrill,having a high-pitched and sharp tone
1329,queer,unusual or different from the usual
1330,astonish,fill with wonder and surprise
1331,whisper,speak softly or in a low voice
1332,curious,eager to investigate and learn or learn more
1333,peep,a secret look
1334,scramble,"climb awkwardly, as if by scrambling"
1335,heap,an informal expression for a large amount of something
1336,parade,a preposterous or extravagant display
1337,pardon,the act of excusing a mistake or offense
1338,reverently,with feelings of profound respect or veneration
1339,dread,fearful expectation or apprehension
1340,sultry,characterized by or suggesting intense emotion
1341,fountain,a structure from which an artificially produced jet of water arises
1342,shrill,having a high-pitched and sharp tone
1343,queer,unusual or different from the usual
1344,astonish,fill with wonder and surprise
1345,whisper,speak softly or in a low voice
1346,curious,eager to investigate and learn or learn more
1347,peep,a secret look
1348,scramble,"climb awkwardly, as if by scrambling"
1349,heap,an informal expression for a large amount of something
1350,parade,a preposterous or extravagant display
1351,pardon,the act of excusing a mistake or offense
1352,reverently,with feelings of profound respect or veneration
1353,dread,fearful expectation or apprehension
1354,sultry,characterized by or suggesting intense emotion
1355,fountain,a structure from which an artificially produced jet of water arises
1356,shrill,having a high-pitched and sharp tone
1357,queer,unusual or different from the usual
1358,astonish,fill with wonder and surprise
1359,whisper,speak softly or in a low voice
1360,curious,eager to investigate and learn or learn more
1361,peep,a secret look
1362,scramble,"climb awkwardly, as if by scrambling"
1363,heap,an informal expression for a large amount of something
1364,parade,a preposterous or extravagant display
1365,pardon,the act of excusing a mistake or offense
1366,reverently,with feelings of profound respect or veneration
1367,dread,fearful expectation or apprehension
1368,sultry,characterized by or suggesting intense emotion
1369,fountain,a structure from which an artificially produced jet of water arises
1370,shrill,having a high-pitched and sharp tone
1371,queer,unusual or different from the usual
1372,astonish,fill with wonder and surprise
1373,whisper,speak softly or in a low voice
1374,curious,eager to investigate and learn or learn more
1375,peep,a secret look
1376,scramble,"climb awkwardly, as if by scrambling"
1377,heap,an informal expression for a large amount of something
1378,parade,a preposterous or extravagant display
1379,pardon,the act of excusing a mistake or offense
1380,reverently,with feelings of profound respect or veneration
1381,dread,fearful expectation or apprehension
1382,sultry,characterized by or suggesting intense emotion
1383,fountain,a structure from which an artificially produced jet of water arises
1384,shrill,having a high-pitched and sharp tone
1385,queer,unusual or different from the usual
1386,astonish,fill with wonder and surprise
1387,whisper,speak softly or in a low voice
1388,curious,eager to investigate and learn or learn more
1389,peep,a secret look
1390,scramble,"climb awkwardly, as if by scrambling"
1391,heap,an informal expression for a large amount of something
1392,parade,a preposterous or extravagant display
1393,pardon,the act of excusing a mistake or offense
1394,reverently,with feelings of profound respect or veneration
1395,dread,fearful expectation or apprehension
1396,sultry,characterized by or suggesting intense emotion
1397,fountain,a structure from which an artificially produced jet of water arises
1398,shrill,having a high-pitched and sharp tone
1399,queer,unusual or different from the usual
1400,astonish,fill with wonder and surprise
1401,whisper,speak softly or in a low voice
1402,curious,eager to investigate and learn or learn more
1403,peep,a secret look
1404,scramble,"climb awkwardly, as if by scrambling"
1405,heap,an informal expression for a large amount of something
1406,parade,a preposterous or extravagant display
1407,pardon,the act of excusing a mistake or offense
1408,reverently,with feelings of profound respect or veneration
1409,dread,fearful expectation or apprehension
1410,sultry,characterized by or suggesting intense emotion
1411,fountain,a structure from which an artificially produced jet of water arises
1412,shrill,having a high-pitched and sharp tone
1413,queer,unusual or different from the usual
1414,astonish,fill with wonder and surprise
1415,whisper,speak softly or in a low voice
1416,curious,eager to investigate and learn or learn more
1417,peep,a secret look
1418,scramble,"climb awkwardly, as if by scrambling"
1419,heap,an informal expression for a large amount of something
1420,parade,a preposterous or extravagant display
1421,pardon,the act of excusing a mistake or offense
1422,reverently,with feelings of profound respect or veneration
1423,dread,fearful expectation or apprehension
1424,sultry,characterized by or suggesting intense emotion
1425,fountain,a structure from which an artificially produced jet of water arises
1426,shrill,having a high-pitched and sharp tone
1427,queer,unusual or different from the usual
1428,astonish,fill with wonder and surprise
1429,whisper,speak softly or in a low voice
1430,curious,eager to investigate and learn or learn more
1431,peep,a secret look
1432,scramble,"climb awkwardly, as if by scrambling"
1433,heap,an informal expression for a large amount of something
1434,parade,a preposterous or extravagant display
1435,pardon,the act of excusing a mistake or offense
1436,reverently,with feelings of profound respect or veneration
1437,dread,fearful expectation or apprehension
1438,sultry,characterized by or suggesting intense emotion
1439,fountain,a structure from which an artificially produced jet of water arises
1440,shrill,having a high-pitched and sharp tone
1441,queer,unusual or different from the usual
1442,astonish,fill with wonder and surprise
1443,whisper,speak softly or in a low voice
1444,curious,eager to investigate and learn or learn more
1445,peep,a secret look
1446,scramble,"climb awkwardly, as if by scrambling"
1447,heap,an informal expression for a large amount of something
1448,parade,a preposterous or extravagant display
1449,pardon,the act of excusing a mistake or offense
1450,reverently,with feelings of profound respect or veneration
1451,dread,fearful expectation or apprehension
1452,sultry,characterized by or suggesting intense emotion
1453,fountain,a structure from which an artificially produced jet of water arises
1454,shrill,having a high-pitched and sharp tone
1455,queer,unusual or different from the usual
1456,astonish,fill with wonder and surprise
1457,whisper,speak softly or in a low voice
1458,curious,eager to investigate and learn or learn more
1459,peep,a secret look
1460,scramble,"climb awkwardly, as if by scrambling"
1461,heap,an informal expression for a large amount of something
1462,parade,a preposterous or extravagant display
1463,pardon,the act of excusing a mistake or offense
1464,reverently,with feelings of profound respect or veneration
1465,dread,fearful expectation or apprehension
1466,sultry,characterized by or suggesting intense emotion
1467,fountain,a structure from which an artificially produced jet of water arises
1468,shrill,having a high-pitched and sharp tone
1469,queer,unusual or different from the usual
1470,astonish,fill with wonder and surprise
1471,whisper,speak softly or in a low voice
1472,curious,eager to investigate and learn or learn more
1473,peep,a secret look
1474,scramble,"climb awkwardly, as if by scrambling"
1475,heap,an informal expression for a large amount of something
1476,parade,a preposterous or extravagant display
1477,pardon,the act of excusing a mistake or offense
1478,reverently,with feelings of profound respect or veneration
1479,dread,fearful expectation or apprehension
1480,sultry,characterized by or suggesting intense emotion
1481,fountain,a structure from which an artificially produced jet of water arises
1482,shrill,having a high-pitched and sharp tone
1483,queer,unusual or different from the usual
1484,astonish,fill with wonder and surprise
1485,whisper,speak softly or in a low voice
1486,curious,eager to investigate and learn or learn more
1487,peep,a secret look
1488,scramble,"climb awkwardly, as if by scrambling"
1489,heap,an informal expression for a large amount of something
1490,parade,a preposterous or extravagant display
1491,pardon,the act of excusing a mistake or offense
1492,reverently,with feelings of profound respect or veneration
1493,dread,fearful expectation or apprehension
1494,sultry,characterized by or suggesting intense emotion
1495,fountain,a structure from which an artificially produced jet of water arises
1496,shrill,having a high-pitched and sharp tone
1497,queer,unusual or different from the usual
1498,astonish,fill with wonder and surprise
1499,whisper,speak softly or in a low voice
1500,curious,eager to investigate and learn or learn more
1501,peep,a secret look
1502,scramble,"climb awkwardly, as if by scrambling"
1503,heap,an informal expression for a large amount of something
1504,parade,a preposterous or extravagant display
1505,pardon,the act of excusing a mistake or offense
1506,reverently,with feelings of profound respect or veneration
1507,dread,fearful expectation or apprehension
1508,sultry,characterized by or suggesting intense emotion
1509,fountain,a structure from which an artificially produced jet of water arises
1510,shrill,having a high-pitched and sharp tone
1511,queer,unusual or different from the usual
1512,astonish,fill with wonder and surprise
1513,whisper,speak softly or in a low voice
1514,curious,eager to investigate and learn or learn more
1515,peep,a secret look
1516,scramble,"climb awkwardly, as if by scrambling"
1517,heap,an informal expression for a large amount of something
1518,parade,a preposterous or extravagant display
1519,pardon,the act of excusing a mistake or offense
1520,reverently,with feelings of profound respect or veneration
1521,dread,fearful expectation or apprehension
1522,sultry,characterized by or suggesting intense emotion
1523,fountain,a structure from which an artificially produced jet of water arises
1524,shrill,having a high-pitched and sharp tone
1525,queer,unusual or different from the usual
1526,astonish,fill with wonder and surprise
1527,whisper,speak softly or in a low voice
1528,curious,eager to investigate and learn or learn more
1529,peep,a secret look
1530,scramble,"climb awkwardly, as if by scrambling"
1531,heap,an informal expression for a large amount of something
1532,parade,a preposterous or extravagant display
1533,pardon,the act of excusing a mistake or offense
1534,reverently,with feelings of profound respect or veneration
1535,dread,fearful expectation or apprehension
1536,sultry,characterized by or suggesting intense emotion
1537,fountain,a structure from which an artificially produced jet of water arises
1538,shrill,having a high-pitched and sharp tone
1539,queer,unusual or different from the usual
1540,astonish,fill with wonder and surprise
1541,whisper,speak softly or in a low voice
1542,curious,eager to investigate and learn or learn more
1543,peep,a secret look
1544,scramble,"climb awkwardly, as if by scrambling"
1545,heap,an informal expression for a large amount of something
1546,parade,a preposterous or extravagant display
1547,pardon,the act of excusing a mistake or offense
1548,reverently,with feelings of profound respect or veneration
1549,dread,fearful expectation or apprehension
1550,sultry,characterized by or suggesting intense emotion
1551,fountain,a structure from which an artificially produced jet of water arises
1552,shrill,having a high-pitched and sharp tone
1553,queer,unusual or different from the usual
1554,astonish,fill with wonder and surprise
1555,whisper,speak softly or in a low voice
1556,curious,eager to investigate and learn or learn more
1557,peep,a secret look
1558,scramble,"climb awkwardly, as if by scrambling"
1559,heap,an informal expression for a large amount of something
1560,parade,a preposterous or extravagant display
1561,pardon,the act of excusing a mistake or offense
1562,reverently,with feelings of profound respect or veneration
1563,dread,fearful expectation or apprehension
1564,sultry,characterized by or suggesting intense emotion
1565,fountain,a structure from which an artificially produced jet of water arises
1566,shrill,having a high-pitched and sharp tone
1567,queer,unusual or different from the usual
1568,astonish,fill with wonder and surprise
1569,whisper,speak softly or in a low voice
1570,curious,eager to investigate and learn or learn more
1571,peep,a secret look
1572,scramble,"climb awkwardly, as if by scrambling"
1573,heap,an informal expression for a large amount of something
1574,parade,a preposterous or extravagant display
1575,pardon,the act of excusing a mistake or offense
1576,reverently,with feelings of profound respect or veneration
1577,dread,fearful expectation or apprehension
1578,sultry,characterized by or suggesting intense emotion
1579,fountain,a structure from which an artificially produced jet of water arises
1580,shrill,having a high-pitched and sharp tone
1581,queer,unusual or different from the usual
1582,astonish,fill with wonder and surprise
1583,whisper,speak softly or in a low voice
1584,curious,eager to investigate and learn or learn more
1585,peep,a secret look
1586,scramble,"climb awkwardly, as if by scrambling"
1587,heap,an informal expression for a large amount of something
1588,parade,a preposterous or extravagant display
1589,pardon,the act of excusing a mistake or offense
1590,reverently,with feelings of profound respect or veneration
1591,dread,fearful expectation or apprehension
1592,sultry,characterized by or suggesting intense emotion
1593,fountain,a structure from which an artificially produced jet of water arises
1594,shrill,having a high-pitched and sharp tone
1595,queer,unusual or different from the usual
1596,astonish,fill with wonder and surprise
1597,whisper,speak softly or in a low voice
1598,curious,eager to investigate and learn or learn more
1599,peep,a secret look
1600,scramble,"climb awkwardly, as if by scrambling"
1601,heap,an informal expression for a large amount of something
1602,parade,a preposterous or extravagant display
1603,pardon,the act of excusing a mistake or offense
1604,reverently,with feelings of profound respect or veneration
1605,dread,fearful expectation or apprehension
1606,sultry,characterized by or suggesting intense emotion
1607,fountain,a structure from which an artificially produced jet of water arises
1608,shrill,having a high-pitched and sharp tone
1609,queer,unusual or different from the usual
1610,astonish,fill with wonder and surprise
1611,whisper,speak softly or in a low voice
1612,curious,eager to investigate and learn or learn more
1613,peep,a secret look
1614,scramble,"climb awkwardly, as if by scrambling"
1615,heap,an informal expression for a large amount of something
1616,parade,a preposterous or extravagant display
1617,pardon,the act of excusing a mistake or offense
1618,reverently,with feelings of profound respect or veneration
1619,dread,fearful expectation or apprehension
1620,sultry,characterized by or suggesting intense emotion
1621,fountain,a structure from which an artificially produced jet of water arises
1622,shrill,having a high-pitched and sharp tone
1623,queer,unusual or different from the usual
1624,astonish,fill with wonder and surprise
1625,whisper,speak softly or in a low voice
1626,curious,eager to investigate and learn or learn more
1627,peep,a secret look
1628,scramble,"climb awkwardly, as if by scrambling"
1629,heap,an informal expression for a large amount of something
1630,parade,a preposterous or extravagant display
1631,pardon,the act of excusing a mistake or offense
1632,reverently,with feelings of profound respect or veneration
1633,dread,fearful expectation or apprehension
1634,sultry,characterized by or suggesting intense emotion
1635,fountain,a structure from which an artificially produced jet of water arises
1636,shrill,having a high-pitched and sharp tone
1637,queer,unusual or different from the usual
1638,astonish,fill with wonder and surprise
1639,whisper,speak softly or in a low voice
1640,curious,eager to investigate and learn or learn more
1641,peep,a secret look
1642,scramble,"climb awkwardly, as if by scrambling"
1643,heap,an informal expression for a large amount of something
1644,parade,a preposterous or extravagant display
1645,pardon,the act of excusing a mistake or offense
1646,reverently,with feelings of profound respect or veneration
1647,dread,fearful expectation or apprehension
1648,sultry,characterized by or suggesting intense emotion
1649,fountain,a structure from which an artificially produced jet of water arises
1650,shrill,having a high-pitched and sharp tone
1651,queer,unusual or different from the usual
1652,astonish,fill with wonder and surprise
1653,whisper,speak softly or in a low voice
1654,curious,eager to investigate and learn or learn more
1655,peep,a secret look
1656,scramble,"climb awkwardly, as if by scrambling"
1657,heap,an informal expression for a large amount of something
1658,parade,a preposterous or extravagant display
1659,pardon,the act of excusing a mistake or offense
1660,reverently,with feelings of profound respect or veneration
1661,dread,fearful expectation or apprehension
1662,sultry,characterized by or suggesting intense emotion
1663,fountain,a structure from which an artificially produced jet of water arises
1664,shrill,having a high-pitched and sharp tone
1665,queer,unusual or different from the usual
1666,astonish,fill with wonder and surprise
1667,whisper,speak softly or in a low voice
1668,curious,eager to investigate and learn or learn more
1669,peep,a secret look
1670,scramble,"climb awkwardly, as if by scrambling"
1671,heap,an informal expression for a large amount of something
1672,parade,a preposterous or extravagant display
1673,pardon,the act of excusing a mistake or offense
1674,reverently,with feelings of profound respect or veneration
1675,dread,fearful expectation or apprehension
1676,sultry,characterized by or suggesting intense emotion
1677,fountain,a structure from which an artificially produced jet of water arises
1678,shrill,having a high-pitched and sharp tone
1679,queer,unusual or different from the usual
1680,astonish,fill with wonder and surprise
1681,whisper,speak softly or in a low voice
1682,curious,eager to investigate and learn or learn more
1683,peep,a secret look
1684,scramble,"climb awkwardly, as if by scrambling"
1685,heap,an informal expression for a large amount of something
1686,parade,a preposterous or extravagant display
1687,pardon,the act of excusing a mistake or offense
1688,reverently,with feelings of profound respect or veneration
1689,dread,fearful expectation or apprehension
1690,sultry,characterized by or suggesting intense emotion
1691,fountain,a structure from which an artificially produced jet of water arises
1692,shrill,having a high-pitched and sharp tone
1693,queer,unusual or different from the usual
1694,astonish,fill with wonder and surprise
1695,whisper,speak softly or in a low voice
1696,curious,eager to investigate and learn or learn more
1697,peep,a secret look
1698,scramble,"climb awkwardly, as if by scrambling"
1699,heap,an informal expression for a large amount of something
1700,parade,a preposterous or extravagant display
1701,pardon,the act of excusing a mistake or offense
1702,reverently,with feelings of profound respect or veneration
1703,dread,fearful expectation or apprehension
1704,sultry,characterized by or suggesting intense emotion
1705,fountain,a structure from which an artificially produced jet of water arises
1706,shrill,having a high-pitched and sharp tone
1707,queer,unusual or different from the usual
1708,astonish,fill with wonder and surprise
1709,whisper,speak softly or in a low voice
1710,curious,eager to investigate and learn or learn more
1711,peep,a secret look
1712,scramble,"climb awkwardly, as if by scrambling"
1713,heap,an informal expression for a large amount of something
1714,parade,a preposterous or extravagant display
1715,pardon,the act of excusing a mistake or offense
1716,reverently,with feelings of profound respect or veneration
1717,dread,fearful expectation or apprehension
1718,sultry,characterized by or suggesting intense emotion
1719,fountain,a structure from which an artificially produced jet of water arises
1720,shrill,having a high-pitched and sharp tone
1721,queer,unusual or different from the usual
1722,astonish,fill with wonder and surprise
1723,whisper,speak softly or in a low voice
1724,curious,eager to investigate and learn or learn more
1725,peep,a secret look
1726,scramble,"climb awkwardly, as if by scrambling"
1727,heap,an informal expression for a large amount of something
1728,parade,a preposterous or extravagant display
1729,pardon,the act of excusing a mistake or offense
1730,reverently,with feelings of profound respect or veneration
1731,dread,fearful expectation or apprehension
1732,sultry,characterized by or suggesting intense emotion
1733,fountain,a structure from which an artificially produced jet of water arises
1734,shrill,having a high-pitched and sharp tone
1735,queer,unusual or different from the usual
1736,astonish,fill with wonder and surprise
1737,whisper,speak softly or in a low voice
1738,curious,eager to investigate and learn or learn more
1739,peep,a secret look
1740,scramble,"climb awkwardly, as if by scrambling"
1741,heap,an informal expression for a large amount of something
1742,parade,a preposterous or extravagant display
1743,pardon,the act of excusing a mistake or offense
1744,reverently,with feelings of profound respect or veneration
1745,dread,fearful expectation or apprehension
1746,sultry,characterized by or suggesting intense emotion
1747,fountain,a structure from which an artificially produced jet of water arises
1748,shrill,having a high-pitched and sharp tone
1749,queer,unusual or different from the usual
1750,astonish,fill with wonder and surprise
1751,whisper,speak softly or in a low voice
1752,curious,eager to investigate and learn or learn more
1753,peep,a secret look
1754,scramble,"climb awkwardly, as if by scrambling"
1755,heap,an informal expression for a large amount of something
1756,parade,a preposterous or extravagant display
1757,pardon,the act of excusing a mistake or offense
1758,reverently,with feelings of profound respect or veneration
1759,dread,fearful expectation or apprehension
1760,sultry,characterized by or suggesting intense emotion
1761,fountain,a structure from which an artificially produced jet of water arises
1762,shrill,having a high-pitched and sharp tone
1763,queer,unusual or different from the usual
1764,astonish,fill with wonder and surprise
1765,whisper,speak softly or in a low voice
1766,curious,eager to investigate and learn or learn more
1767,peep,a secret look
1768,scramble,"climb awkwardly, as if by scrambling"
1769,heap,an informal expression for a large amount of something
1770,parade,a preposterous or extravagant display
1771,pardon,the act of excusing a mistake or offense
1772,reverently,with feelings of profound respect or veneration
1773,dread,fearful expectation or apprehension
1774,sultry,characterized by or suggesting intense emotion
1775,fountain,a structure from which an artificially produced jet of water arises
1776,shrill,having a high-pitched and sharp tone
1777,queer,unusual or different from the usual
1778,astonish,fill with wonder and surprise
1779,whisper,speak softly or in a low voice
1780,curious,eager to investigate and learn or learn more
1781,peep,a secret look
1782,scramble,"climb awkwardly, as if by scrambling"
1783,heap,an informal expression for a large amount of something
1784,parade,a preposterous or extravagant display
1785,pardon,the act of excusing a mistake or offense
1786,reverently,with feelings of profound respect or veneration
1787,dread,fearful expectation or apprehension
1788,sultry,characterized by or suggesting intense emotion
1789,fountain,a structure from which an artificially produced jet of water arises
1790,shrill,having a high-pitched and sharp tone
1791,queer,unusual or different from the usual
1792,astonish,fill with wonder and surprise
1793,whisper,speak softly or in a low voice
1794,curious,eager to investigate and learn or learn more
1795,peep,a secret look
1796,scramble,"climb awkwardly, as if by scrambling"
1797,heap,an informal expression for a large amount of something
1798,parade,a preposterous or extravagant display
1799,pardon,the act of excusing a mistake or offense
1800,reverently,with feelings of profound respect or veneration
1801,dread,fearful expectation or apprehension
1802,sultry,characterized by or suggesting intense emotion
1803,fountain,a structure from which an artificially produced jet of water arises
1804,shrill,having a high-pitched and sharp tone
1805,queer,unusual or different from the usual
1806,astonish,fill with wonder and surprise
1807,whisper,speak softly or in a low voice
1808,curious,eager to investigate and learn or learn more
1809,peep,a secret look
1810,scramble,"climb awkwardly, as if by scrambling"
1811,heap,an informal expression for a large amount of something
1812,parade,a preposterous or extravagant display
1813,pardon,the act of excusing a mistake or offense
1814,reverently,with feelings of profound respect or veneration
1815,dread,fearful expectation or apprehension
1816,all at once,all at the same time
1817,whistle,the sound made when someone forces breath through pursed lips
1818,inquire,have a wish or desire to know something
